lat,lng,hour,weekday,forest,outside_fence,risk
29.537041,78.796029,12,1,Jim Corbett,1,0
29.527396,78.777869,20,6,Jim Corbett,0,0
21.904261,88.973715,3,3,Sundarbans,1,1
21.861749,88.878502,7,3,Sundarbans,0,0
22.182915,80.637141,6,0,Kanha,0,0
29.548998,78.784314,17,5,Jim Corbett,1,1
22.020557,80.648173,11,5,Kanha,1,1
21.921633,88.97525,7,6,Sundarbans,1,1
22.196177,80.788144,23,4,Kanha,0,1
22.076066,80.785709,19,5,Kanha,1,1
29.542917,78.761444,19,5,Jim Corbett,0,0
29.544319,78.776401,5,3,Jim Corbett,0,1
22.104397,80.726677,6,4,Kanha,1,0
22.052382,80.718155,15,1,Kanha,0,0
22.175308,80.690876,19,0,Kanha,0,0
29.540973,78.762306,12,2,Jim Corbett,0,0
21.883523,88.893663,23,6,Sundarbans,0,1
29.536866,78.78684,1,6,Jim Corbett,0,1
29.539474,78.791601,3,4,Jim Corbett,0,1
21.890012,88.948157,6,0,Sundarbans,0,0
21.896767,88.891396,10,6,Sundarbans,0,0
22.073882,80.623165,5,5,Kanha,0,1
29.534526,78.790067,3,5,Jim Corbett,0,1
22.182439,80.635988,15,3,Kanha,0,0
21.801576,88.881107,16,1,Sundarbans,0,0
29.537531,78.789877,23,3,Jim Corbett,1,1
22.043362,80.718064,18,1,Kanha,0,0
29.531943,78.783842,7,3,Jim Corbett,0,0
29.539507,78.781646,16,5,Jim Corbett,1,1
29.528463,78.796641,1,1,Jim Corbett,1,1
29.527546,78.763904,20,6,Jim Corbett,0,0
22.080819,80.761926,4,3,Kanha,0,1
29.529827,78.786036,12,3,Jim Corbett,0,1
29.535256,78.791351,4,5,Jim Corbett,0,1
21.936673,88.981624,4,1,Sundarbans,0,1
29.526015,78.78742,5,5,Jim Corbett,0,1
29.530915,78.763012,16,4,Jim Corbett,0,0
22.036299,80.627758,8,6,Kanha,0,0
21.873688,88.947841,21,1,Sundarbans,0,0
21.901531,88.928082,18,4,Sundarbans,0,0
22.166634,80.642658,9,3,Kanha,0,1
29.549959,78.792366,2,3,Jim Corbett,1,1
29.521183,78.772508,8,3,Jim Corbett,1,1
29.531289,78.770025,7,5,Jim Corbett,0,0
29.521253,78.786047,15,6,Jim Corbett,0,0
21.943692,88.967693,17,3,Sundarbans,1,0
29.528786,78.780318,23,0,Jim Corbett,0,1
21.888687,88.954486,13,3,Sundarbans,0,0
21.949684,88.937753,11,3,Sundarbans,0,0
21.906908,88.862052,1,2,Sundarbans,0,1
22.091486,80.6332,0,0,Kanha,1,1
22.011886,80.669389,10,2,Kanha,1,1
21.897367,88.966593,7,1,Sundarbans,0,0
29.52182,78.768791,0,3,Jim Corbett,1,1
21.877793,88.954054,1,1,Sundarbans,0,1
21.823083,88.932465,16,4,Sundarbans,0,0
29.52498,78.779679,12,2,Jim Corbett,0,0
22.114006,80.618844,18,0,Kanha,1,0
29.537081,78.785859,17,3,Jim Corbett,1,0
21.927455,88.883596,6,0,Sundarbans,1,0
29.522836,78.764028,15,3,Jim Corbett,0,0
29.54432,78.78379,14,3,Jim Corbett,0,0
21.838205,88.985873,5,2,Sundarbans,1,1
29.527827,78.773232,21,0,Jim Corbett,1,0
21.888405,88.980174,11,5,Sundarbans,0,0
21.859587,88.961443,7,5,Sundarbans,0,0
21.835987,88.922956,14,0,Sundarbans,0,0
21.830192,88.982367,6,2,Sundarbans,0,0
21.898214,88.97278,8,0,Sundarbans,0,0
21.865551,88.985064,16,3,Sundarbans,0,1
21.869417,88.928518,9,1,Sundarbans,0,0
21.940842,88.871298,20,4,Sundarbans,0,0
22.020611,80.678291,11,5,Kanha,0,0
22.035279,80.752614,23,6,Kanha,0,1
22.078194,80.640176,4,4,Kanha,0,1
21.808188,88.859753,1,1,Sundarbans,0,1
29.524653,78.767835,21,2,Jim Corbett,0,0
29.52417,78.771016,17,6,Jim Corbett,0,0
22.108544,80.610979,12,4,Kanha,0,0
21.908881,88.996085,9,6,Sundarbans,0,0
29.546363,78.768593,18,5,Jim Corbett,0,0
29.523409,78.798066,8,0,Jim Corbett,0,0
21.804739,88.921486,23,5,Sundarbans,0,1
29.524695,78.781374,23,2,Jim Corbett,0,1
22.109772,80.719061,14,2,Kanha,0,0
22.026876,80.730117,18,2,Kanha,0,0
21.888877,88.85188,3,4,Sundarbans,1,1
21.931235,88.868738,9,1,Sundarbans,0,0
22.041505,80.777483,1,6,Kanha,1,1
21.904791,88.931066,19,6,Sundarbans,0,0
29.546072,78.770134,22,5,Jim Corbett,0,0
21.934077,88.914829,20,5,Sundarbans,0,0
21.947831,88.979355,23,0,Sundarbans,0,1
22.148989,80.616321,15,2,Kanha,0,0
21.894298,88.976537,10,2,Sundarbans,0,0
22.109183,80.626259,8,5,Kanha,0,0
29.539516,78.779112,15,3,Jim Corbett,0,0
22.160869,80.743996,11,4,Kanha,0,0
22.12197,80.608476,5,0,Kanha,0,1
21.949447,88.875427,14,3,Sundarbans,0,0
22.01276,80.740168,8,4,Kanha,1,0
22.043354,80.712777,22,6,Kanha,0,0
29.530039,78.774878,18,6,Jim Corbett,0,0
29.535243,78.792376,16,2,Jim Corbett,0,0
29.546685,78.764046,17,1,Jim Corbett,0,0
21.834679,88.877307,12,4,Sundarbans,0,1
22.17523,80.62113,21,2,Kanha,1,0
29.545788,78.77905,17,6,Jim Corbett,0,0
29.540212,78.796927,18,4,Jim Corbett,0,0
29.521242,78.771161,5,0,Jim Corbett,0,1
22.065452,80.744513,3,0,Kanha,0,1
29.538776,78.786193,22,1,Jim Corbett,0,0
22.072232,80.694743,14,2,Kanha,1,0
22.155726,80.682779,18,0,Kanha,0,0
21.831034,88.926917,12,6,Sundarbans,0,0
22.157965,80.655402,14,1,Kanha,0,0
22.049235,80.664134,3,3,Kanha,0,1
29.547287,78.768378,15,5,Jim Corbett,0,0
21.896067,88.968834,6,3,Sundarbans,1,0
22.123892,80.674634,7,2,Kanha,0,0
22.060912,80.794336,20,2,Kanha,0,0
22.135226,80.77003,11,6,Kanha,0,0
21.899563,88.927169,21,4,Sundarbans,0,0
21.910073,88.856271,7,0,Sundarbans,1,0
22.105717,80.633745,21,5,Kanha,1,1
29.546718,78.762728,0,0,Jim Corbett,0,1
22.157124,80.678244,7,5,Kanha,0,0
29.527801,78.789022,1,4,Jim Corbett,0,1
29.524894,78.785554,14,0,Jim Corbett,1,0
29.54336,78.773791,12,2,Jim Corbett,0,0
29.535078,78.763888,6,0,Jim Corbett,0,0
29.534044,78.794874,13,4,Jim Corbett,0,0
21.850759,88.871215,3,5,Sundarbans,0,1
29.531581,78.764811,20,4,Jim Corbett,1,0
21.901472,88.901393,8,4,Sundarbans,0,1
22.114676,80.629535,0,3,Kanha,0,1
21.813956,88.989763,13,2,Sundarbans,0,0
22.013309,80.728628,5,6,Kanha,0,1
22.027807,80.677838,16,2,Kanha,1,0
21.839261,88.992978,20,2,Sundarbans,0,0
21.937559,88.968147,5,4,Sundarbans,0,1
21.902242,88.870704,14,0,Sundarbans,0,1
29.522982,78.763366,9,0,Jim Corbett,0,1
29.543851,78.77843,4,0,Jim Corbett,0,1
29.530001,78.79198,6,4,Jim Corbett,0,0
29.546585,78.773747,14,3,Jim Corbett,1,1
29.536815,78.773031,9,4,Jim Corbett,0,0
21.842466,88.914345,9,6,Sundarbans,1,1
22.184235,80.797236,21,5,Kanha,0,0
21.898229,88.917554,5,2,Sundarbans,0,1
21.82755,88.98421,9,3,Sundarbans,0,0
29.53583,78.765642,12,5,Jim Corbett,0,0
22.186736,80.692801,7,5,Kanha,0,0
29.53829,78.78822,11,4,Jim Corbett,0,0
29.544063,78.78597,7,3,Jim Corbett,0,0
29.529944,78.79622,17,2,Jim Corbett,0,1
21.90389,88.87378,3,1,Sundarbans,0,1
29.52719,78.792083,13,6,Jim Corbett,1,1
22.166199,80.752814,0,6,Kanha,0,1
29.523929,78.780473,15,0,Jim Corbett,0,0
22.000154,80.60577,6,0,Kanha,1,0
22.194117,80.679112,11,0,Kanha,0,0
21.875016,88.952054,21,3,Sundarbans,1,0
22.054058,80.714322,23,5,Kanha,1,1
29.549788,78.798394,12,0,Jim Corbett,0,0
29.549329,78.771374,10,1,Jim Corbett,0,0
21.868003,88.940709,22,0,Sundarbans,0,0
21.942016,88.903742,14,3,Sundarbans,0,0
22.131756,80.724596,12,1,Kanha,0,0
29.524196,78.791383,22,5,Jim Corbett,0,0
22.115567,80.667626,13,5,Kanha,1,1
21.942561,88.890956,21,5,Sundarbans,0,0
22.191207,80.794148,5,4,Kanha,0,1
22.025037,80.728594,0,0,Kanha,1,1
21.846932,88.936374,10,2,Sundarbans,0,0
21.924282,88.951892,3,0,Sundarbans,0,1
22.038298,80.699606,2,4,Kanha,0,1
29.549883,78.775122,17,3,Jim Corbett,0,0
29.543409,78.797272,21,2,Jim Corbett,0,0
21.833504,88.957242,15,0,Sundarbans,0,0
21.949178,88.862399,17,6,Sundarbans,0,0
22.073722,80.723741,13,1,Kanha,0,0
29.528948,78.770985,20,1,Jim Corbett,0,0
22.03932,80.673801,2,1,Kanha,0,1
29.548899,78.768483,9,4,Jim Corbett,0,0
22.083514,80.770447,17,1,Kanha,0,0
21.818735,88.986692,23,6,Sundarbans,0,1
29.546407,78.795041,13,2,Jim Corbett,0,0
22.124093,80.696593,10,0,Kanha,1,0
21.891759,88.988397,16,0,Sundarbans,0,0
29.529085,78.770783,20,3,Jim Corbett,0,0
22.135931,80.659076,9,3,Kanha,0,0
29.524976,78.774858,11,4,Jim Corbett,0,0
21.890466,88.899027,7,0,Sundarbans,0,0
22.037182,80.69573,9,1,Kanha,0,0
29.532263,78.77795,17,0,Jim Corbett,0,0
22.108776,80.700864,18,5,Kanha,0,0
21.820431,88.860018,22,2,Sundarbans,0,0
29.536033,78.765077,8,4,Jim Corbett,0,1
21.906629,88.89075,23,1,Sundarbans,0,1
29.549197,78.793295,0,2,Jim Corbett,0,1
21.917081,88.930339,12,1,Sundarbans,0,1
22.18902,80.681644,8,6,Kanha,1,1
29.546443,78.783513,17,5,Jim Corbett,0,0
21.924638,88.973791,9,4,Sundarbans,0,0
22.105622,80.774524,7,0,Kanha,1,0
21.931865,88.977272,1,4,Sundarbans,0,1
29.549715,78.79054,23,2,Jim Corbett,0,1
22.034265,80.713755,17,0,Kanha,0,1
21.838084,88.994591,1,4,Sundarbans,0,1
29.523084,78.796719,18,4,Jim Corbett,0,0
29.542348,78.774236,11,1,Jim Corbett,0,0
29.529807,78.77467,14,1,Jim Corbett,1,0
21.864939,88.885278,15,6,Sundarbans,0,0
29.543165,78.786222,21,5,Jim Corbett,0,0
21.919514,88.851987,12,4,Sundarbans,0,0
22.180939,80.678983,12,1,Kanha,1,0
22.177859,80.657542,23,1,Kanha,0,1
21.835282,88.870955,17,1,Sundarbans,0,0
21.831228,88.859591,19,0,Sundarbans,0,1
22.009315,80.770633,16,1,Kanha,0,0
21.843696,88.94176,22,1,Sundarbans,0,0
29.533576,78.785041,22,6,Jim Corbett,0,0
21.889257,88.920547,20,5,Sundarbans,0,0
29.537618,78.798526,2,4,Jim Corbett,0,1
21.878746,88.857089,23,1,Sundarbans,0,1
29.546278,78.798814,8,3,Jim Corbett,0,0
22.158101,80.767367,1,4,Kanha,0,1
29.535003,78.763575,8,6,Jim Corbett,0,0
29.539373,78.777048,9,4,Jim Corbett,0,0
22.123665,80.697855,10,3,Kanha,1,0
29.549785,78.761973,1,2,Jim Corbett,0,1
29.538534,78.772684,7,0,Jim Corbett,0,1
22.105148,80.704281,19,4,Kanha,1,0
22.036874,80.682671,23,6,Kanha,0,1
21.876329,88.927483,14,4,Sundarbans,0,0
21.809979,88.934066,9,1,Sundarbans,0,1
29.541208,78.77257,5,0,Jim Corbett,1,1
22.069844,80.601848,15,4,Kanha,0,0
22.125022,80.635663,0,1,Kanha,0,1
21.943242,88.921541,1,0,Sundarbans,1,1
22.042055,80.779103,19,1,Kanha,0,0
21.836864,88.949691,12,3,Sundarbans,0,0
21.824379,88.884537,1,3,Sundarbans,0,1
29.520746,78.781806,5,2,Jim Corbett,0,1
22.154287,80.738693,6,0,Kanha,0,1
21.825386,88.986709,16,3,Sundarbans,0,0
22.035034,80.784546,21,3,Kanha,0,0
29.525792,78.768833,9,3,Jim Corbett,0,0
22.017335,80.645999,5,1,Kanha,0,1
29.548944,78.769153,19,2,Jim Corbett,1,0
21.914849,88.935597,10,5,Sundarbans,0,0
29.537678,78.777326,19,5,Jim Corbett,0,0
21.892474,88.902299,4,6,Sundarbans,0,1
21.902264,88.974952,20,2,Sundarbans,0,0
21.902506,88.996491,17,6,Sundarbans,0,0
22.108649,80.762211,3,0,Kanha,1,1
21.810253,88.924881,16,5,Sundarbans,0,0
21.854011,88.901079,13,6,Sundarbans,0,1
21.906321,88.873215,4,6,Sundarbans,0,1
21.931435,88.869064,6,2,Sundarbans,0,0
21.943739,88.868916,2,4,Sundarbans,0,1
22.035012,80.660233,18,5,Kanha,0,0
29.540099,78.760085,15,1,Jim Corbett,1,1
29.521197,78.789218,1,3,Jim Corbett,0,1
21.909575,88.900375,17,0,Sundarbans,0,0
21.921208,88.855429,23,0,Sundarbans,0,1
29.521008,78.764291,0,0,Jim Corbett,0,1
21.800923,88.909485,15,3,Sundarbans,0,0
21.94982,88.947827,23,1,Sundarbans,1,1
29.548116,78.786564,8,1,Jim Corbett,0,0
29.521095,78.789801,17,6,Jim Corbett,0,0
21.938822,88.928018,17,2,Sundarbans,0,0
21.846734,88.902808,18,0,Sundarbans,1,0
21.938373,88.949998,22,6,Sundarbans,0,0
22.193069,80.643378,22,2,Kanha,0,0
21.898316,88.994813,7,4,Sundarbans,0,0
21.811505,88.995904,18,2,Sundarbans,0,1
21.89493,88.942522,10,3,Sundarbans,1,0
21.848593,88.915447,16,0,Sundarbans,0,1
29.544175,78.786394,20,2,Jim Corbett,0,0
29.546042,78.774995,11,0,Jim Corbett,0,0
22.164668,80.613214,23,3,Kanha,0,1
21.907895,88.989692,10,6,Sundarbans,0,0
29.539702,78.79793,12,6,Jim Corbett,0,0
21.830331,88.980724,9,2,Sundarbans,0,0
22.10011,80.724082,4,5,Kanha,0,1
29.536432,78.779704,14,1,Jim Corbett,1,0
21.831748,88.967104,23,4,Sundarbans,0,1
22.070979,80.672473,20,3,Kanha,1,0
29.545975,78.761702,14,1,Jim Corbett,0,1
29.540317,78.795505,10,2,Jim Corbett,0,0
21.801987,88.919296,8,1,Sundarbans,1,0
22.129497,80.663286,11,4,Kanha,1,0
22.167573,80.79621,20,1,Kanha,0,0
29.536296,78.762177,6,2,Jim Corbett,0,0
22.061453,80.7108,9,4,Kanha,0,0
29.545266,78.773527,2,2,Jim Corbett,1,1
22.035862,80.690437,14,5,Kanha,0,0
22.091859,80.721758,9,4,Kanha,0,0
21.92044,88.924131,15,2,Sundarbans,0,0
22.096605,80.734548,17,5,Kanha,0,0
29.537777,78.763287,23,3,Jim Corbett,0,1
22.037137,80.744233,3,0,Kanha,0,1
21.878419,88.852613,17,0,Sundarbans,1,0
29.536003,78.761135,8,3,Jim Corbett,0,0
29.538789,78.762126,23,1,Jim Corbett,1,1
29.541598,78.766,5,3,Jim Corbett,0,1
22.025144,80.649985,12,6,Kanha,0,1
22.04539,80.734382,9,3,Kanha,1,0
22.132079,80.647211,7,1,Kanha,0,0
29.543807,78.792065,13,3,Jim Corbett,1,0
21.821698,88.927612,9,3,Sundarbans,0,0
21.809602,88.940104,17,5,Sundarbans,1,1
22.186333,80.78093,5,3,Kanha,1,1
29.528623,78.776353,15,2,Jim Corbett,0,0
22.085384,80.703981,0,6,Kanha,1,1
21.923296,88.991535,9,2,Sundarbans,0,0
21.849406,88.928714,13,3,Sundarbans,0,1
29.520192,78.765638,0,0,Jim Corbett,0,1
29.530555,78.772091,16,1,Jim Corbett,0,0
22.13767,80.752532,2,6,Kanha,1,1
29.523497,78.786733,19,2,Jim Corbett,1,0
22.115621,80.737212,6,2,Kanha,0,0
21.927573,88.88864,19,4,Sundarbans,0,0
21.84612,88.953021,13,2,Sundarbans,0,0
29.527705,78.792218,7,3,Jim Corbett,1,0
22.168677,80.744354,16,3,Kanha,1,0
21.909628,88.909282,0,0,Sundarbans,0,1
29.526674,78.782908,17,2,Jim Corbett,0,1
22.15953,80.611869,6,2,Kanha,0,1
29.538394,78.782835,16,6,Jim Corbett,0,0
22.038022,80.676543,13,6,Kanha,0,0
22.12804,80.706864,13,6,Kanha,1,1
22.102393,80.769969,17,5,Kanha,0,0
22.062278,80.654984,23,6,Kanha,1,1
21.824799,88.93418,8,3,Sundarbans,0,0
29.535772,78.768869,21,6,Jim Corbett,0,0
21.919919,88.963178,16,5,Sundarbans,0,0
29.529566,78.796321,5,5,Jim Corbett,0,1
21.894641,88.9061,22,5,Sundarbans,0,0
22.140146,80.701927,9,4,Kanha,1,0
29.525237,78.786597,8,3,Jim Corbett,0,0
29.544475,78.775994,9,6,Jim Corbett,1,1
29.5474,78.782193,20,2,Jim Corbett,0,0
21.852854,88.882574,19,2,Sundarbans,0,0
22.106775,80.752032,16,1,Kanha,0,0
22.164005,80.773219,20,4,Kanha,0,0
21.850755,88.920934,3,6,Sundarbans,0,1
29.546644,78.786662,5,1,Jim Corbett,0,1
21.864915,88.973356,11,0,Sundarbans,0,0
21.824237,88.932914,18,5,Sundarbans,1,1
21.901808,88.920683,13,5,Sundarbans,0,0
21.929841,88.976748,7,5,Sundarbans,0,1
29.526251,78.793751,13,1,Jim Corbett,0,0
21.879587,88.876395,8,5,Sundarbans,0,0
21.937114,88.920979,20,0,Sundarbans,0,0
21.941247,88.915513,9,3,Sundarbans,1,0
29.522987,78.79368,6,2,Jim Corbett,0,0
22.041377,80.638628,15,5,Kanha,0,0
21.821305,88.953648,10,0,Sundarbans,0,0
21.857125,88.942954,14,4,Sundarbans,1,0
22.101899,80.765482,22,2,Kanha,0,0
29.535989,78.778683,23,3,Jim Corbett,0,1
29.538986,78.798311,2,2,Jim Corbett,1,1
29.538846,78.793198,16,5,Jim Corbett,0,0
29.52229,78.765518,10,2,Jim Corbett,0,1
22.144989,80.715343,11,6,Kanha,1,1
29.531518,78.790898,16,0,Jim Corbett,1,1
21.900922,88.944166,16,1,Sundarbans,0,1
22.199791,80.686437,11,5,Kanha,1,1
22.011416,80.771899,23,4,Kanha,0,1
22.111666,80.751487,6,3,Kanha,1,0
21.851307,88.865085,5,3,Sundarbans,0,1
22.071893,80.708233,0,3,Kanha,0,1
21.911957,88.893941,18,5,Sundarbans,1,1
22.01951,80.795713,0,2,Kanha,0,1
22.158002,80.761754,2,6,Kanha,0,1
21.830153,88.851539,12,1,Sundarbans,0,0
21.925582,88.911607,7,6,Sundarbans,0,0
21.882556,88.935686,4,0,Sundarbans,0,1
21.940681,88.998854,1,5,Sundarbans,1,1
22.19554,80.702372,21,5,Kanha,0,0
22.180977,80.72973,18,2,Kanha,0,1
29.53276,78.774446,17,5,Jim Corbett,0,0
21.92923,88.918622,8,6,Sundarbans,1,1
22.152877,80.63817,16,0,Kanha,0,0
22.151649,80.645924,23,2,Kanha,1,1
29.528079,78.781624,10,6,Jim Corbett,0,0
22.14391,80.617833,15,0,Kanha,0,0
29.525109,78.771982,6,6,Jim Corbett,0,0
22.085148,80.648024,11,1,Kanha,0,0
22.103529,80.693464,13,6,Kanha,0,0
29.525142,78.787119,12,5,Jim Corbett,0,0
21.938305,88.859467,0,1,Sundarbans,0,1
29.524378,78.791938,3,3,Jim Corbett,0,1
21.913761,88.862826,1,2,Sundarbans,0,1
29.529314,78.77121,12,2,Jim Corbett,1,0
21.804685,88.862267,18,2,Sundarbans,0,0
22.15715,80.616649,7,2,Kanha,0,0
29.533811,78.791816,21,1,Jim Corbett,1,0
21.805728,88.92284,9,2,Sundarbans,0,0
21.900202,88.916389,17,2,Sundarbans,0,0
22.148626,80.733054,10,0,Kanha,0,0
22.150972,80.639917,1,0,Kanha,0,1
29.542246,78.766005,0,2,Jim Corbett,1,1
22.147831,80.613024,23,3,Kanha,0,1
21.90881,88.954066,7,0,Sundarbans,0,0
22.114823,80.723623,8,1,Kanha,0,0
21.87905,88.993344,11,6,Sundarbans,0,0
21.86667,88.894166,10,4,Sundarbans,0,0
22.162134,80.603274,14,0,Kanha,1,0
22.07678,80.611562,9,6,Kanha,0,0
21.899753,88.937331,8,3,Sundarbans,0,0
21.917016,88.9071,13,0,Sundarbans,0,0
29.523344,78.799222,12,3,Jim Corbett,0,0
29.524942,78.763798,19,2,Jim Corbett,0,0
22.140657,80.680941,17,3,Kanha,0,0
21.894296,88.966863,2,0,Sundarbans,0,1
22.141425,80.612644,4,4,Kanha,0,1
21.852483,88.868398,14,3,Sundarbans,1,0
29.535033,78.799759,16,4,Jim Corbett,1,1
22.012275,80.796414,15,4,Kanha,0,0
21.846126,88.972992,6,4,Sundarbans,0,0
21.809894,88.97335,12,0,Sundarbans,1,0
29.549775,78.774373,13,3,Jim Corbett,1,0
29.527102,78.780032,6,1,Jim Corbett,0,0
29.535085,78.794211,21,1,Jim Corbett,0,1
21.882518,88.99611,16,3,Sundarbans,0,1
22.053446,80.745609,11,5,Kanha,1,1
29.541875,78.774071,9,2,Jim Corbett,0,0
21.891609,88.861316,16,4,Sundarbans,0,0
29.532014,78.766683,3,2,Jim Corbett,0,1
22.108351,80.658401,22,1,Kanha,0,0
29.521689,78.764761,9,1,Jim Corbett,0,0
21.934799,88.902164,4,5,Sundarbans,1,1
29.529381,78.780697,3,2,Jim Corbett,0,1
29.548806,78.760524,2,2,Jim Corbett,1,1
21.84743,88.953892,12,3,Sundarbans,0,1
22.115842,80.684796,21,3,Kanha,0,1
29.539135,78.7636,13,4,Jim Corbett,0,0
21.894899,88.910904,14,0,Sundarbans,0,0
21.882101,88.896474,14,6,Sundarbans,0,0
29.540072,78.773584,6,2,Jim Corbett,0,1
22.00617,80.706554,17,2,Kanha,0,0
21.8233,88.908588,0,4,Sundarbans,0,1
22.020441,80.79808,1,6,Kanha,0,1
29.540377,78.764202,2,0,Jim Corbett,1,1
29.540256,78.760732,4,1,Jim Corbett,0,1
22.03579,80.674077,12,6,Kanha,0,0
21.815523,88.930099,19,0,Sundarbans,1,0
22.133583,80.764215,20,4,Kanha,0,0
29.540628,78.776843,4,2,Jim Corbett,0,1
29.541464,78.761889,21,3,Jim Corbett,1,0
22.068546,80.64388,11,1,Kanha,0,0
21.828073,88.901282,22,6,Sundarbans,0,0
29.541416,78.776315,15,1,Jim Corbett,0,0
29.520065,78.792839,6,3,Jim Corbett,1,0
22.129501,80.614699,5,4,Kanha,0,1
22.095727,80.680806,11,2,Kanha,0,0
22.14143,80.661269,2,4,Kanha,0,1
29.540608,78.773835,21,2,Jim Corbett,0,0
22.075689,80.652639,2,2,Kanha,0,1
21.830518,88.937823,13,3,Sundarbans,0,0
21.936348,88.89639,1,3,Sundarbans,0,1
21.875756,88.928701,22,4,Sundarbans,0,0
22.081948,80.791128,0,1,Kanha,1,1
29.539475,78.769822,1,6,Jim Corbett,0,1
21.936448,88.91741,12,3,Sundarbans,1,0
29.538852,78.798793,20,4,Jim Corbett,0,0
29.54512,78.768799,13,3,Jim Corbett,0,1
21.842096,88.894328,23,1,Sundarbans,0,1
22.069888,80.715283,11,6,Kanha,0,1
29.542709,78.767657,21,4,Jim Corbett,0,0
22.147867,80.745703,12,5,Kanha,0,0
21.917724,88.955643,16,4,Sundarbans,0,0
21.821617,88.89983,3,5,Sundarbans,1,1
21.903875,88.997427,10,1,Sundarbans,0,0
21.863566,88.938555,8,4,Sundarbans,0,1
21.891062,88.852434,2,0,Sundarbans,0,1
22.03068,80.603931,2,1,Kanha,0,1
22.097818,80.698161,6,5,Kanha,0,0
29.528916,78.7758,2,0,Jim Corbett,0,1
29.543888,78.784066,8,0,Jim Corbett,0,0
29.539135,78.774027,22,6,Jim Corbett,0,0
29.537526,78.789532,19,5,Jim Corbett,0,0
29.547151,78.776369,2,5,Jim Corbett,0,1
29.526371,78.79683,19,5,Jim Corbett,1,1
21.882002,88.889448,14,2,Sundarbans,0,0
29.531658,78.778857,6,6,Jim Corbett,0,0
22.148768,80.732101,15,4,Kanha,0,0
29.544353,78.794589,3,6,Jim Corbett,1,1
21.918852,88.874063,9,0,Sundarbans,0,0
22.141112,80.652179,6,0,Kanha,0,0
21.889783,88.905706,10,4,Sundarbans,0,0
21.925828,88.887121,1,2,Sundarbans,0,1
22.062988,80.605104,8,0,Kanha,0,0
29.5438,78.794311,17,5,Jim Corbett,0,0
21.803069,88.975965,15,6,Sundarbans,1,1
22.026053,80.612393,19,0,Kanha,0,0
29.526712,78.787304,6,0,Jim Corbett,0,0
29.521011,78.780213,9,0,Jim Corbett,0,0
29.537347,78.795304,7,5,Jim Corbett,1,1
22.086968,80.610861,1,6,Kanha,0,1
22.017533,80.672809,0,5,Kanha,0,1
22.196715,80.658303,4,2,Kanha,0,1
29.524886,78.781331,8,5,Jim Corbett,1,1
21.922434,88.979957,22,6,Sundarbans,0,0
21.949981,88.899316,15,4,Sundarbans,0,0
22.171695,80.728965,17,0,Kanha,0,0
21.83671,88.85064,23,6,Sundarbans,0,1
22.167474,80.631727,1,3,Kanha,1,1
21.830495,88.866114,16,5,Sundarbans,0,0
21.822792,88.873606,10,0,Sundarbans,1,0
22.186212,80.727936,3,0,Kanha,0,1
21.941888,88.903831,21,1,Sundarbans,0,0
21.905829,88.950302,7,0,Sundarbans,1,0
29.54077,78.778985,9,6,Jim Corbett,0,0
22.108524,80.645015,10,5,Kanha,1,1
29.538709,78.777331,4,4,Jim Corbett,0,1
29.547293,78.793198,21,1,Jim Corbett,0,0
22.038442,80.634914,15,0,Kanha,0,0
29.536708,78.76498,1,4,Jim Corbett,0,1
29.534626,78.798457,19,2,Jim Corbett,0,0
21.896229,88.998188,21,4,Sundarbans,0,0
21.879786,88.867374,11,2,Sundarbans,0,0
22.088023,80.678748,18,0,Kanha,0,0
21.864779,88.969014,3,0,Sundarbans,0,1
29.546316,78.764302,15,0,Jim Corbett,0,0
22.085485,80.724669,10,2,Kanha,0,0
21.802991,88.876902,2,6,Sundarbans,0,1
29.52868,78.778387,22,3,Jim Corbett,0,0
29.538586,78.795774,15,6,Jim Corbett,0,1
29.524787,78.793283,4,5,Jim Corbett,0,1
21.869472,88.993235,4,1,Sundarbans,0,1
21.908361,88.859702,2,3,Sundarbans,0,1
22.025181,80.661498,5,0,Kanha,0,1
29.543186,78.78383,11,5,Jim Corbett,0,0
21.866921,88.888115,13,0,Sundarbans,0,0
22.099187,80.625775,1,5,Kanha,0,1
29.523897,78.796288,0,6,Jim Corbett,0,1
21.884262,88.875128,2,3,Sundarbans,0,1
22.147422,80.619604,4,4,Kanha,0,1
29.529324,78.771825,1,2,Jim Corbett,0,1
29.528775,78.769462,13,3,Jim Corbett,0,0
21.914409,88.962233,3,6,Sundarbans,0,1
22.122482,80.795894,5,5,Kanha,0,1
21.829246,88.981348,12,3,Sundarbans,0,0
29.549441,78.776451,18,0,Jim Corbett,0,0
29.526233,78.764137,3,2,Jim Corbett,0,1
29.529024,78.77639,6,0,Jim Corbett,0,0
21.891707,88.893519,1,4,Sundarbans,0,1
21.899874,88.936963,16,5,Sundarbans,0,0
22.036674,80.766562,23,6,Kanha,0,1
21.91598,88.996867,19,6,Sundarbans,1,1
22.023811,80.660595,20,6,Kanha,1,1
29.546685,78.782658,10,5,Jim Corbett,0,0
22.161767,80.729634,9,1,Kanha,0,0
29.520654,78.783377,22,2,Jim Corbett,0,0
21.893724,88.922039,3,3,Sundarbans,0,1
22.066946,80.686304,20,2,Kanha,0,0
22.067197,80.693605,2,0,Kanha,0,1
22.020189,80.602343,16,6,Kanha,0,0
22.164944,80.625626,8,1,Kanha,0,0
22.095858,80.794987,15,2,Kanha,0,0
22.168822,80.708097,4,4,Kanha,0,1
21.916302,88.89628,7,5,Sundarbans,0,0
21.916308,88.942036,22,5,Sundarbans,0,1
21.885921,88.887759,0,3,Sundarbans,0,1
22.151351,80.710965,20,3,Kanha,1,1
22.023492,80.702765,4,0,Kanha,0,1
22.13448,80.717497,4,2,Kanha,0,1
22.01907,80.692978,17,6,Kanha,0,0
21.861812,88.989587,9,5,Sundarbans,1,1
21.810934,88.880855,2,6,Sundarbans,0,1
21.865532,88.953058,8,3,Sundarbans,1,0
22.080686,80.651496,2,3,Kanha,0,1
22.023787,80.794356,1,6,Kanha,0,1
29.525174,78.776778,20,6,Jim Corbett,0,0
22.062962,80.681681,13,4,Kanha,0,0
29.536811,78.770693,1,1,Jim Corbett,0,1
21.893347,88.913802,10,0,Sundarbans,1,0
22.017149,80.64693,20,1,Kanha,0,0
29.529105,78.765669,11,1,Jim Corbett,0,0
21.876937,88.995497,9,3,Sundarbans,0,0
22.005558,80.731329,3,1,Kanha,0,1
29.542852,78.795925,1,6,Jim Corbett,0,1
29.524732,78.797874,15,6,Jim Corbett,1,1
22.113351,80.772573,3,0,Kanha,1,1
21.816134,88.959761,14,0,Sundarbans,1,0
21.904569,88.858433,14,1,Sundarbans,0,0
22.019244,80.723169,13,6,Kanha,0,0
21.943946,88.877441,0,0,Sundarbans,0,1
29.543537,78.781292,22,4,Jim Corbett,1,0
29.543778,78.797513,20,6,Jim Corbett,0,0
21.849872,88.943462,18,0,Sundarbans,0,0
21.840772,88.97704,20,6,Sundarbans,0,0
22.129881,80.669922,3,5,Kanha,0,1
21.848397,88.995808,6,5,Sundarbans,0,0
22.083222,80.695088,13,3,Kanha,0,0
29.534591,78.769756,0,5,Jim Corbett,0,1
29.525766,78.77837,23,4,Jim Corbett,0,1
22.118253,80.765207,21,0,Kanha,1,0
22.178759,80.702874,9,1,Kanha,0,1
29.532783,78.794219,10,5,Jim Corbett,0,0
21.940373,88.896151,20,4,Sundarbans,0,0
29.534664,78.778039,0,3,Jim Corbett,0,1
29.536792,78.785728,1,3,Jim Corbett,0,1
29.544736,78.770831,1,5,Jim Corbett,0,1
22.08382,80.726835,21,4,Kanha,0,0
22.133171,80.700523,18,5,Kanha,0,0
21.934434,88.942502,6,0,Sundarbans,0,0
21.924311,88.968055,13,4,Sundarbans,0,0
21.819579,88.934984,21,0,Sundarbans,1,0
21.895675,88.916348,19,6,Sundarbans,1,1
22.176254,80.773515,14,5,Kanha,1,1
29.547064,78.769666,4,4,Jim Corbett,0,1
22.125542,80.677912,15,6,Kanha,1,1
21.818531,88.988849,12,1,Sundarbans,1,0
29.544381,78.766538,1,4,Jim Corbett,1,1
22.127957,80.712262,20,2,Kanha,0,0
21.873269,88.877701,15,1,Sundarbans,0,0
21.892059,88.867487,10,5,Sundarbans,0,0
22.001713,80.645312,19,0,Kanha,0,0
21.801909,88.857102,6,6,Sundarbans,1,1
21.876359,88.934592,10,0,Sundarbans,1,0
22.105744,80.670936,11,2,Kanha,0,0
29.536838,78.775266,15,2,Jim Corbett,1,0
22.158626,80.654015,16,5,Kanha,1,1
22.099099,80.630418,10,3,Kanha,0,0
22.128804,80.644865,15,1,Kanha,0,0
29.541678,78.791654,20,4,Jim Corbett,0,0
29.539628,78.78388,16,0,Jim Corbett,0,0
29.528897,78.787647,6,2,Jim Corbett,1,0
22.08529,80.686207,1,3,Kanha,0,1
22.139704,80.67129,0,5,Kanha,0,1
29.54801,78.79502,15,5,Jim Corbett,0,1
22.007488,80.715322,23,6,Kanha,0,1
22.126877,80.701367,23,1,Kanha,0,1
29.547299,78.788518,14,6,Jim Corbett,0,0
29.530192,78.794232,10,2,Jim Corbett,1,0
22.021864,80.68068,18,2,Kanha,0,0
29.527547,78.764032,19,6,Jim Corbett,0,0
29.520759,78.789703,0,2,Jim Corbett,0,1
21.828022,88.914482,13,6,Sundarbans,0,0
22.130751,80.775711,9,0,Kanha,0,0
21.843842,88.876132,4,2,Sundarbans,1,1
22.034505,80.621826,21,3,Kanha,0,0
29.530648,78.784651,11,4,Jim Corbett,0,0
22.182702,80.64868,17,1,Kanha,1,0
21.864751,88.888559,1,3,Sundarbans,0,1
21.902696,88.91929,17,2,Sundarbans,0,0
21.801104,88.946155,14,1,Sundarbans,0,0
29.544947,78.767869,14,4,Jim Corbett,0,0
22.067433,80.606442,5,4,Kanha,1,1
22.084562,80.684794,22,0,Kanha,0,0
21.86784,88.972002,12,5,Sundarbans,0,0
22.041529,80.600651,19,4,Kanha,0,0
29.525139,78.792926,12,0,Jim Corbett,0,0
22.070132,80.651823,8,0,Kanha,0,0
29.52695,78.793177,23,0,Jim Corbett,0,1
22.127596,80.775861,14,6,Kanha,0,0
22.110655,80.723131,1,0,Kanha,1,1
21.877403,88.99161,0,0,Sundarbans,0,1
29.529109,78.79674,13,1,Jim Corbett,0,0
29.541773,78.788029,10,4,Jim Corbett,0,0
21.867051,88.878165,21,2,Sundarbans,0,0
29.548012,78.795156,5,1,Jim Corbett,1,1
29.542739,78.781162,16,5,Jim Corbett,0,1
21.803317,88.986316,14,2,Sundarbans,0,0
29.544252,78.780981,20,1,Jim Corbett,0,0
22.199154,80.716143,7,4,Kanha,0,0
22.075986,80.63504,9,6,Kanha,0,0
22.031799,80.676011,15,1,Kanha,0,0
21.844248,88.895586,15,0,Sundarbans,1,1
22.187278,80.758403,18,4,Kanha,0,0
29.545,78.796561,0,2,Jim Corbett,0,1
29.549763,78.796968,5,3,Jim Corbett,0,1
29.52097,78.768354,5,5,Jim Corbett,0,1
21.919565,88.984003,7,3,Sundarbans,0,0
22.122154,80.664699,10,0,Kanha,0,0
29.538796,78.771082,6,4,Jim Corbett,0,0
22.123389,80.669101,10,3,Kanha,0,1
21.94898,88.861038,18,2,Sundarbans,0,0
21.811464,88.905874,6,5,Sundarbans,0,0
29.537473,78.776426,22,6,Jim Corbett,1,1
22.13182,80.604818,23,2,Kanha,0,1
21.90387,88.897163,12,4,Sundarbans,0,0
29.521167,78.770422,22,3,Jim Corbett,1,0
29.529859,78.767492,20,0,Jim Corbett,0,0
22.021099,80.666199,12,6,Kanha,1,1
21.834898,88.85502,0,0,Sundarbans,0,1
29.546619,78.792504,21,2,Jim Corbett,1,0
21.863173,88.901578,6,0,Sundarbans,0,1
21.924205,88.866868,11,4,Sundarbans,0,0
21.808706,88.95103,16,6,Sundarbans,0,0
29.522821,78.788849,3,0,Jim Corbett,0,1
21.940519,88.970833,13,6,Sundarbans,0,0
29.546047,78.792992,22,5,Jim Corbett,0,1
22.107275,80.612236,3,1,Kanha,0,1
21.937978,88.884091,4,4,Sundarbans,0,1
21.939092,88.935559,19,3,Sundarbans,0,0
29.547249,78.784854,4,0,Jim Corbett,0,1
21.893178,88.946837,20,3,Sundarbans,0,1
22.070561,80.627498,3,6,Kanha,1,1
21.928126,88.881339,20,3,Sundarbans,0,1
29.536499,78.779796,4,0,Jim Corbett,0,1
29.52384,78.76649,17,0,Jim Corbett,0,0
22.007882,80.725575,21,4,Kanha,0,0
21.838529,88.930289,12,0,Sundarbans,0,0
22.15139,80.693287,6,5,Kanha,1,1
21.898473,88.930978,9,5,Sundarbans,0,0
29.536367,78.771748,20,1,Jim Corbett,0,0
22.04731,80.66915,19,1,Kanha,0,0
29.533206,78.790965,4,0,Jim Corbett,0,1
29.529067,78.786664,9,3,Jim Corbett,1,0
22.043512,80.67022,16,6,Kanha,0,0
29.539422,78.78119,4,2,Jim Corbett,0,1
22.18511,80.764568,12,4,Kanha,0,0
29.548753,78.781789,21,4,Jim Corbett,1,0
29.548599,78.783905,2,1,Jim Corbett,0,1
22.020596,80.783159,16,6,Kanha,0,0
22.015825,80.714874,4,6,Kanha,0,1
21.853467,88.886683,12,6,Sundarbans,0,0
21.81643,88.87635,23,4,Sundarbans,1,1
22.070761,80.745302,1,2,Kanha,0,1
29.549949,78.78189,19,1,Jim Corbett,0,1
29.549601,78.796379,22,4,Jim Corbett,0,0
29.534967,78.79156,7,1,Jim Corbett,0,1
21.899047,88.888736,7,6,Sundarbans,0,0
21.865027,88.927638,10,1,Sundarbans,0,0
21.899929,88.87199,3,1,Sundarbans,1,1
29.535855,78.765594,5,3,Jim Corbett,0,1
29.543274,78.782802,12,0,Jim Corbett,0,0
21.838497,88.9668,5,4,Sundarbans,0,1
29.544157,78.780179,20,1,Jim Corbett,0,0
29.535448,78.791557,3,4,Jim Corbett,1,1
29.539915,78.797685,12,1,Jim Corbett,1,0
22.143379,80.642987,21,0,Kanha,0,0
22.0174,80.731531,12,0,Kanha,0,0
21.925866,88.93957,12,6,Sundarbans,0,0
29.521208,78.767253,20,6,Jim Corbett,1,1
22.179663,80.608653,17,5,Kanha,0,0
22.072141,80.663843,20,4,Kanha,0,0
29.534283,78.789016,1,6,Jim Corbett,0,1
21.87306,88.997555,15,6,Sundarbans,1,1
21.884512,88.938743,13,1,Sundarbans,0,0
22.083817,80.659809,13,5,Kanha,0,1
29.529456,78.790426,9,1,Jim Corbett,0,0
22.051645,80.795539,7,4,Kanha,1,1
22.012606,80.788036,12,1,Kanha,1,0
22.078156,80.612737,7,5,Kanha,0,0
21.947132,88.929938,19,6,Sundarbans,0,0
29.530561,78.798803,5,1,Jim Corbett,0,1
29.522334,78.779784,20,0,Jim Corbett,0,0
21.813668,88.943187,13,0,Sundarbans,0,0
29.545531,78.773897,3,6,Jim Corbett,0,1
29.5202,78.780269,11,3,Jim Corbett,0,0
22.188338,80.615511,16,6,Kanha,0,0
29.520839,78.773215,4,3,Jim Corbett,0,1
21.945246,88.8671,9,6,Sundarbans,0,0
22.100337,80.641353,1,2,Kanha,0,1
29.537011,78.787282,5,2,Jim Corbett,0,1
29.536931,78.789208,20,2,Jim Corbett,0,0
22.13205,80.614645,21,0,Kanha,0,0
22.041225,80.668875,18,3,Kanha,0,0
29.526337,78.79556,23,3,Jim Corbett,0,1
21.856151,88.88949,23,6,Sundarbans,0,1
21.813997,88.851281,17,3,Sundarbans,0,1
29.528959,78.775671,18,6,Jim Corbett,0,0
21.814048,88.898031,20,2,Sundarbans,0,0
21.844357,88.944209,14,0,Sundarbans,0,0
21.879005,88.880215,23,5,Sundarbans,1,1
22.178854,80.65598,2,0,Kanha,1,1
29.547136,78.791917,19,2,Jim Corbett,1,0
21.863164,88.905134,20,3,Sundarbans,0,0
29.53327,78.775559,19,1,Jim Corbett,0,0
29.524476,78.768446,15,5,Jim Corbett,1,1
29.537312,78.785046,10,0,Jim Corbett,0,0
29.531077,78.798278,11,1,Jim Corbett,0,0
29.522905,78.786491,22,1,Jim Corbett,1,1
29.546402,78.792617,15,2,Jim Corbett,0,1
22.090552,80.69544,4,0,Kanha,0,1
21.857842,88.861115,12,3,Sundarbans,0,1
29.52517,78.784626,12,2,Jim Corbett,0,0
21.834039,88.887522,7,2,Sundarbans,1,0
21.832891,88.984574,7,5,Sundarbans,1,1
29.545605,78.779626,22,2,Jim Corbett,0,0
22.031879,80.608666,0,0,Kanha,0,1
29.526072,78.790688,15,0,Jim Corbett,1,0
21.910885,88.904778,23,2,Sundarbans,0,1
29.526519,78.788563,20,2,Jim Corbett,0,0
21.947155,88.852916,8,3,Sundarbans,0,0
21.90033,88.850668,12,4,Sundarbans,0,0
22.172599,80.701814,17,0,Kanha,0,0
21.814324,88.987912,3,0,Sundarbans,0,1
21.897227,88.965152,21,4,Sundarbans,0,0
22.086966,80.680924,13,6,Kanha,0,0
29.5266,78.775363,13,4,Jim Corbett,0,0
21.920864,88.936056,5,0,Sundarbans,0,1
22.076648,80.782764,4,0,Kanha,1,1
29.523696,78.769832,7,1,Jim Corbett,1,0
22.164628,80.659927,19,3,Kanha,0,0
29.549693,78.787821,11,5,Jim Corbett,0,0
22.044981,80.614395,2,4,Kanha,0,1
21.853485,88.93432,15,4,Sundarbans,0,1
22.003762,80.639453,5,4,Kanha,0,1
21.816913,88.867072,9,0,Sundarbans,0,0
22.136774,80.731841,20,2,Kanha,0,0
21.948738,88.945885,20,6,Sundarbans,0,0
21.944364,88.875115,1,2,Sundarbans,0,1
22.068799,80.679377,10,1,Kanha,1,0
21.81968,88.922752,22,4,Sundarbans,0,0
22.16287,80.689457,23,6,Kanha,0,1
21.878556,88.986273,5,4,Sundarbans,0,1
29.528351,78.768547,6,0,Jim Corbett,0,0
22.092202,80.730781,8,1,Kanha,0,0
22.126285,80.609615,3,1,Kanha,0,1
21.940892,88.992752,17,3,Sundarbans,0,0
22.165522,80.612273,22,4,Kanha,1,0
21.929638,88.947337,15,6,Sundarbans,0,0
29.528204,78.792409,17,0,Jim Corbett,1,0
22.021558,80.723925,8,1,Kanha,0,0
29.533803,78.782879,1,4,Jim Corbett,0,1
22.151468,80.693618,17,0,Kanha,0,0
22.001001,80.763339,13,2,Kanha,0,0
21.836518,88.932328,20,0,Sundarbans,0,0
21.900225,88.973344,4,0,Sundarbans,1,1
22.171179,80.707013,23,0,Kanha,0,1
22.100354,80.751336,20,2,Kanha,1,0
29.543347,78.784966,0,3,Jim Corbett,0,1
29.540583,78.784512,22,6,Jim Corbett,0,0
29.522045,78.779968,17,6,Jim Corbett,0,0
22.027921,80.659783,18,0,Kanha,0,0
21.919571,88.927984,9,5,Sundarbans,0,0
22.142852,80.665537,22,4,Kanha,0,0
21.878145,88.856582,17,5,Sundarbans,0,0
29.543666,78.791265,17,0,Jim Corbett,0,0
29.525201,78.76858,5,1,Jim Corbett,0,1
29.533853,78.778252,3,4,Jim Corbett,1,1
29.544922,78.795693,19,4,Jim Corbett,0,0
21.879636,88.942106,9,6,Sundarbans,0,0
22.189995,80.715,8,6,Kanha,1,1
29.545884,78.78487,14,3,Jim Corbett,0,0
21.833939,88.953853,3,3,Sundarbans,1,1
29.52645,78.770024,0,5,Jim Corbett,0,1
21.870009,88.870029,10,4,Sundarbans,1,0
21.947934,88.952894,6,0,Sundarbans,0,0
22.114253,80.604542,17,1,Kanha,0,0
22.049717,80.731516,11,0,Kanha,0,0
29.535972,78.794354,19,6,Jim Corbett,0,0
22.077428,80.694375,16,6,Kanha,0,0
29.537285,78.786035,10,4,Jim Corbett,0,0
22.09653,80.742646,10,0,Kanha,0,0
29.521934,78.795994,10,0,Jim Corbett,1,0
22.044588,80.68519,11,2,Kanha,0,0
22.188419,80.667734,1,4,Kanha,1,1
22.082713,80.668794,20,1,Kanha,0,0
22.129266,80.723891,9,1,Kanha,0,1
29.531978,78.78426,8,5,Jim Corbett,0,0
21.826289,88.993268,13,6,Sundarbans,0,0
22.168088,80.654223,7,3,Kanha,0,0
21.870147,88.8698,13,5,Sundarbans,0,0
29.527766,78.770341,5,2,Jim Corbett,0,1
22.086173,80.752763,5,2,Kanha,0,1
29.547667,78.792444,4,0,Jim Corbett,0,1
21.817321,88.934882,5,4,Sundarbans,0,1
22.094541,80.681507,11,5,Kanha,0,0
29.549975,78.778207,5,2,Jim Corbett,0,1
29.528261,78.789122,9,5,Jim Corbett,0,0
21.889726,88.913858,20,5,Sundarbans,0,0
29.520836,78.798279,2,5,Jim Corbett,0,1
21.874445,88.884902,1,5,Sundarbans,0,1
29.521176,78.780043,3,6,Jim Corbett,1,1
29.527295,78.787193,22,4,Jim Corbett,0,0
21.873895,88.934828,17,4,Sundarbans,0,0
21.872834,88.996988,17,6,Sundarbans,1,1
22.142644,80.639925,22,0,Kanha,0,0
22.065555,80.760965,11,1,Kanha,0,0
29.54313,78.760218,19,4,Jim Corbett,0,0
22.020297,80.694504,23,2,Kanha,0,1
22.012029,80.780088,18,6,Kanha,0,0
29.525437,78.772625,2,4,Jim Corbett,0,1
22.070578,80.762259,13,5,Kanha,0,0
29.533309,78.775863,1,4,Jim Corbett,0,1
29.529851,78.79836,3,5,Jim Corbett,0,1
29.531387,78.761617,23,6,Jim Corbett,0,1
22.106686,80.626542,11,0,Kanha,1,0
29.530985,78.780921,17,3,Jim Corbett,1,0
29.535323,78.781919,22,1,Jim Corbett,0,0
29.535295,78.768996,1,0,Jim Corbett,0,1
22.091772,80.683661,10,4,Kanha,0,0
21.848167,88.991662,1,0,Sundarbans,0,1
22.099052,80.641136,12,3,Kanha,0,0
21.895973,88.992316,16,4,Sundarbans,0,0
21.929314,88.997111,17,1,Sundarbans,1,0
29.538829,78.766762,8,6,Jim Corbett,0,0
29.543808,78.77863,14,0,Jim Corbett,0,0
22.128527,80.632632,17,0,Kanha,0,0
21.931784,88.861867,15,0,Sundarbans,0,0
21.860164,88.863531,1,1,Sundarbans,0,1
21.913036,88.981931,19,6,Sundarbans,0,0
29.533168,78.791425,5,0,Jim Corbett,1,1
29.546199,78.793088,21,2,Jim Corbett,0,0
22.080242,80.650625,2,2,Kanha,0,1
21.878272,88.973689,6,3,Sundarbans,1,0
22.146722,80.779458,4,0,Kanha,1,1
22.141559,80.753229,16,1,Kanha,0,0
29.541106,78.764332,1,1,Jim Corbett,0,1
21.847026,88.979833,12,1,Sundarbans,0,0
21.896487,88.870212,16,6,Sundarbans,0,0
29.540017,78.799699,5,5,Jim Corbett,0,1
22.194743,80.716676,14,0,Kanha,0,0
21.866725,88.980486,2,2,Sundarbans,1,1
22.015968,80.608411,12,4,Kanha,0,0
22.111643,80.632462,10,2,Kanha,0,1
22.053978,80.776329,2,5,Kanha,0,1
29.530988,78.793263,19,2,Jim Corbett,0,1
21.857882,88.877995,16,2,Sundarbans,0,0
22.02892,80.764554,14,2,Kanha,1,0
29.52491,78.773185,5,6,Jim Corbett,1,1
21.885325,88.969562,13,4,Sundarbans,0,0
21.92468,88.908043,11,1,Sundarbans,1,0
22.115155,80.625913,0,0,Kanha,0,1
29.54542,78.768842,14,3,Jim Corbett,0,0
29.53094,78.785437,10,5,Jim Corbett,0,0
22.105868,80.743241,21,2,Kanha,0,0
22.089317,80.63188,9,6,Kanha,0,0
22.178135,80.687221,10,5,Kanha,0,0
21.90161,88.853413,4,3,Sundarbans,0,1
29.520026,78.769032,22,2,Jim Corbett,0,0
22.023737,80.787647,9,2,Kanha,1,0
29.529391,78.772221,14,1,Jim Corbett,1,0
21.938163,88.982023,0,2,Sundarbans,0,1
22.122087,80.641921,23,3,Kanha,0,1
21.937877,88.97022,5,0,Sundarbans,1,1
29.540253,78.763144,3,6,Jim Corbett,0,1
22.198777,80.770769,14,6,Kanha,1,1
21.87401,88.948806,13,4,Sundarbans,0,0
21.826034,88.981724,8,6,Sundarbans,1,1
29.522616,78.798515,6,4,Jim Corbett,0,0
21.864788,88.880971,12,2,Sundarbans,0,1
21.94856,88.950708,9,4,Sundarbans,0,0
29.544825,78.790639,4,0,Jim Corbett,0,1
22.050729,80.764036,15,1,Kanha,1,0
21.83341,88.926625,1,5,Sundarbans,0,1
29.529363,78.773294,8,2,Jim Corbett,0,1
21.898508,88.891826,16,0,Sundarbans,0,0
22.022023,80.688805,22,2,Kanha,0,0
22.002728,80.71508,8,4,Kanha,0,0
29.528368,78.789146,13,6,Jim Corbett,0,0
22.183353,80.667869,6,3,Kanha,0,0
29.530553,78.791656,21,4,Jim Corbett,0,0
21.88104,88.94779,14,1,Sundarbans,0,0
22.074466,80.609057,7,0,Kanha,0,1
29.527252,78.760528,21,3,Jim Corbett,0,0
22.129398,80.709476,11,2,Kanha,0,0
21.861069,88.972079,16,3,Sundarbans,1,0
22.183398,80.784622,20,3,Kanha,0,0
22.105341,80.631886,0,6,Kanha,0,1
22.050829,80.744664,11,3,Kanha,0,0
22.028031,80.784553,22,5,Kanha,0,0
21.899958,88.929187,9,3,Sundarbans,0,0
21.887664,88.972089,9,6,Sundarbans,0,0
29.540366,78.780831,11,0,Jim Corbett,0,0
21.921888,88.905445,11,4,Sundarbans,0,0
29.535182,78.795703,2,1,Jim Corbett,0,1
22.03719,80.681181,11,1,Kanha,0,1
21.86104,88.881797,18,4,Sundarbans,0,0
29.535462,78.796132,2,6,Jim Corbett,0,1
29.526757,78.788302,2,0,Jim Corbett,0,1
22.111574,80.794324,13,1,Kanha,0,0
22.12476,80.621978,13,0,Kanha,0,0
22.087938,80.74626,14,4,Kanha,0,1
29.533961,78.773235,3,5,Jim Corbett,0,1
29.548041,78.763146,17,3,Jim Corbett,1,0
29.533454,78.782413,15,3,Jim Corbett,0,0
29.532548,78.770008,1,2,Jim Corbett,1,1
29.529197,78.796912,17,6,Jim Corbett,0,0
21.924603,88.919187,21,1,Sundarbans,0,0
22.05626,80.657399,23,6,Kanha,1,1
21.85955,88.865601,18,5,Sundarbans,0,0
21.91593,88.91475,11,3,Sundarbans,1,0
22.150285,80.674954,16,0,Kanha,0,0
22.172199,80.686717,13,1,Kanha,0,1
22.037234,80.764638,23,3,Kanha,0,1
21.8812,88.990294,1,3,Sundarbans,1,1
21.900864,88.915172,12,1,Sundarbans,1,0
22.141721,80.721612,18,4,Kanha,0,0
22.1877,80.630698,22,3,Kanha,0,0
21.809756,88.891061,7,2,Sundarbans,0,0
22.041984,80.753209,2,4,Kanha,0,1
22.153308,80.621549,4,0,Kanha,0,1
29.536994,78.795746,15,4,Jim Corbett,0,0
21.850403,88.933806,23,5,Sundarbans,0,1
29.529802,78.77002,2,5,Jim Corbett,0,1
22.181258,80.608751,13,3,Kanha,0,0
22.074962,80.788021,3,1,Kanha,0,1
22.051684,80.698825,5,4,Kanha,0,1
21.840824,88.919706,18,3,Sundarbans,1,0
